{"stats":{"minecraft:dropped":{"minecraft:sugar_cane":1,"minecraft:music_disc_far":2,"minecraft:jukebox":1,"minecraft:oak_sign":1,"minecraft:smooth_quartz":3},"minecraft:picked_up":{"minecraft:golden_helmet":1,"minecraft:jukebox":1,"minecraft:oak_sign":2,"minecraft:golden_leggings":1,"minecraft:fire_charge":2,"minecraft:music_disc_far":3,"minecraft:flint":1,"minecraft:iron_nugget":10,"minecraft:smooth_quartz":1,"minecraft:sugar_cane":159,"minecraft:obsidian":3},"minecraft:used":{"minecraft:stone_brick_stairs":11,"minecraft:music_disc_far":2,"minecraft:dark_prismarine":1448,"minecraft:sea_lantern":29,"minecraft:crying_obsidian":6,"minecraft:prismarine_bricks":78,"minecraft:grass_block":4,"minecraft:prismarine":20,"minecraft:gold_block":42,"minecraft:oak_sign":2,"minecraft:smooth_quartz":1084,"minecraft:jukebox":1,"minecraft:parrot_spawn_egg":4,"minecraft:sugar_cane":191,"minecraft:obsidian":17},"minecraft:custom":{"minecraft:time_since_rest":120208,"minecraft:play_one_minute":120208,"minecraft:crouch_one_cm":72716,"minecraft:sprint_one_cm":3492,"minecraft:walk_one_cm":60185,"minecraft:sneak_time":18430,"minecraft:walk_under_water_one_cm":13420,"minecraft:drop":8,"minecraft:jump":580,"minecraft:damage_dealt":50,"minecraft:leave_game":10,"minecraft:play_record":2,"minecraft:time_since_death":120208,"minecraft:walk_on_water_one_cm":4095,"minecraft:climb_one_cm":1753,"minecraft:swim_one_cm":9870,"minecraft:fly_one_cm":444344}},"DataVersion":2586}